{
    "IntegrationModuleName":  "OrchestratorService",
    "IsPortableModule":  false,
    "ConnectionTypeName":  "OrchestratorService",
    "ConnectionFields":  [
                                 {
                                     "Name":  "ServerName",
                                     "TypeName":  "System.String",
                                     "IsOptional":  false,
                                     "IsEncrypted":  false
                                 },
                                 {
                                     "Name":  "ServicePort",
                                     "TypeName":  "System.String",
                                     "IsOptional":  true,
                                     "IsEncrypted":  false
                                 },
                                 {
                                     "Name":  "ServiceVersion",
                                     "TypeName":  "System.String",
                                     "IsOptional":  true,
                                     "IsEncrypted":  false
                                 },
                                 {
                                     "Name":  "UseSSL",
                                     "TypeName":  "System.Boolean",
                                     "IsOptional":  true,
                                     "IsEncrypted":  false
                                 },
                                 {
                                     "Name":  "UserDomain",
                                     "TypeName":  "System.String",
                                     "IsOptional":  false,
                                     "IsEncrypted":  false
                                 },
                                 {
                                     "Name":  "UserName",
                                     "TypeName":  "System.String",
                                     "IsOptional":  false,
                                     "IsEncrypted":  false
                                 },
                                 {
                                     "Name":  "UserPassword",
                                     "TypeName":  "System.String",
                                     "IsOptional":  false,
                                     "IsEncrypted":  true
                                 }
                             ]
}
